gender,sciences.grade
F,3.405263157894737
M,3.4834437086092715
other,3.625
